{
  "combination": "FedAvg_LR_NoDP",
  "best_round": 21,
  "best_auc": 0.963555,
  "best_f1": 0.409412,
  "final_metrics": {
    "round": 60,
    "auc": 0.960345,
    "f1": 0.513274,
    "precision": 0.360996,
    "recall": 0.887755,
    "ks_stat": 0.891066,
    "recall_1fpr": 0.897959,
    "prec_at_k": 0.306338,
    "sigma_auc": 0.010291,
    "jfi": 0.999891,
    "loss": 0.020246,
    "timestamp": "2026-03-30 12:19:23"
  },
  "bank_aucs_final": [
    0.975122,
    0.976611,
    null,
    0.990821,
    0.999945
  ]
}