{
  "feature_cols": [
    "Time",
    "V1",
    "V2",
    "V3",
    "V4",
    "V5",
    "V6",
    "V7",
    "V8",
    "V9",
    "V10",
    "V11",
    "V12",
    "V13",
    "V14",
    "V15",
    "V16",
    "V17",
    "V18",
    "V19",
    "V20",
    "V21",
    "V22",
    "V23",
    "V24",
    "V25",
    "V26",
    "V27",
    "V28",
    "Amount"
  ],
  "means": {
    "Time": 94813.85957508067,
    "V1": 1.1751608993193201e-15,
    "V2": 3.384974329561085e-16,
    "V3": -1.379536707896593e-15,
    "V4": 2.094852037917049e-15,
    "V5": 1.0218790428863653e-15,
    "V6": 1.4944981002213093e-15,
    "V7": -5.620334735875009e-16,
    "V8": 1.1496139232471609e-16,
    "V9": -2.4141892388190378e-15,
    "V10": 2.238553778322944e-15,
    "V11": 1.7244208848707414e-15,
    "V12": -1.2454150835177577e-15,
    "V13": 8.23889978327132e-16,
    "V14": 1.2134813634275587e-15,
    "V15": 4.866698941746315e-15,
    "V16": 1.4362190610566962e-15,
    "V17": -3.768178970643472e-16,
    "V18": 9.70785090742047e-16,
    "V19": 1.0362492169269548e-15,
    "V20": 6.418677738129982e-16,
    "V21": 1.6286197246001448e-16,
    "V22": -3.5765766501022783e-16,
    "V23": 2.618565047396311e-16,
    "V24": 4.473914184636868e-15,
    "V25": 5.109395214431826e-16,
    "V26": 1.6861004207625027e-15,
    "V27": -3.661400594091869e-16,
    "V28": -1.2274523659670207e-16,
    "Amount": 88.34961925093134
  },
  "stds": {
    "Time": 47488.14595456617,
    "V1": 1.958695803857486,
    "V2": 1.6513085794769975,
    "V3": 1.5162550051777715,
    "V4": 1.4158685749409206,
    "V5": 1.3802467340314395,
    "V6": 1.3322710897575756,
    "V7": 1.237093598182666,
    "V8": 1.1943529026692035,
    "V9": 1.0986320892243193,
    "V10": 1.0888497654025169,
    "V11": 1.0207130277115584,
    "V12": 0.9992013895301448,
    "V13": 0.9952742301251534,
    "V14": 0.9585956112570638,
    "V15": 0.915316011610439,
    "V16": 0.8762528873883703,
    "V17": 0.8493370636743892,
    "V18": 0.8381762095288414,
    "V19": 0.8140405007685786,
    "V20": 0.7709250248871169,
    "V21": 0.734524014371313,
    "V22": 0.7257015604409116,
    "V23": 0.6244602955949903,
    "V24": 0.60564706782716,
    "V25": 0.5212780705409424,
    "V26": 0.48222701326105727,
    "V27": 0.4036324949650307,
    "V28": 0.3300832641602509,
    "Amount": 250.12010924018855
  },
  "amount_p50": 22.0,
  "amount_p95": 365.0,
  "fraud_rate": 0.001727485630620034,
  "n_total": 284807,
  "n_fraud": 492
}