{
  "combination": "FedAvg_LR_Sparsification",
  "best_round": 32,
  "best_auc": 0.96224,
  "best_f1": 0.548896,
  "final_metrics": {
    "round": 60,
    "auc": 0.954933,
    "f1": 0.570492,
    "precision": 0.42029,
    "recall": 0.887755,
    "ks_stat": 0.893756,
    "recall_1fpr": 0.897959,
    "prec_at_k": 0.306338,
    "sigma_auc": 0.010986,
    "jfi": 0.999875,
    "loss": 0.017397,
    "timestamp": "2026-03-30 12:21:48"
  },
  "bank_aucs_final": [
    0.970873,
    0.977049,
    null,
    0.986879,
    0.999945
  ]
}