{
  "combination": "PersFL_LR_NoDP",
  "best_round": 54,
  "best_auc": 0.963142,
  "best_f1": 0.602076,
  "final_metrics": {
    "round": 60,
    "auc": 0.959953,
    "f1": 0.644195,
    "precision": 0.508876,
    "recall": 0.877551,
    "ks_stat": 0.891628,
    "recall_1fpr": 0.897959,
    "prec_at_k": 0.306338,
    "sigma_auc": 0.009918,
    "jfi": 0.999899,
    "loss": 0.01607,
    "timestamp": "2026-03-30 12:26:41"
  },
  "bank_aucs_final": [
    0.973304,
    0.981655,
    null,
    0.990506,
    0.999912
  ]
}