{
  "combination": "PersFL_MLP_NoDP",
  "best_round": 1,
  "best_auc": 0.978669,
  "best_f1": 0.584507,
  "final_metrics": {
    "round": 60,
    "auc": 0.961781,
    "f1": 0.723404,
    "precision": 0.755556,
    "recall": 0.693878,
    "ks_stat": 0.881846,
    "recall_1fpr": 0.887755,
    "prec_at_k": 0.299296,
    "sigma_auc": 3.4e-05,
    "jfi": 1.0,
    "loss": 0.005177,
    "timestamp": "2026-03-30 15:28:21"
  },
  "bank_aucs_final": [
    0.999978,
    0.999908,
    null,
    0.999969,
    1.0
  ]
}