{
  "combination": "SCAFFOLD_MLP_Sparsification",
  "best_round": 6,
  "best_auc": 0.975071,
  "best_f1": 0.038189,
  "final_metrics": {
    "round": 60,
    "auc": 0.97317,
    "f1": 0.179916,
    "precision": 0.100233,
    "recall": 0.877551,
    "ks_stat": 0.883473,
    "recall_1fpr": 0.877551,
    "prec_at_k": 0.295775,
    "sigma_auc": 0.008017,
    "jfi": 0.999934,
    "loss": 0.12343,
    "timestamp": "2026-03-30 14:57:13"
  },
  "bank_aucs_final": [
    0.984458,
    0.977813,
    null,
    0.988234,
    0.99989
  ]
}