{
  "combination": "FedProx_LR_DP",
  "best_round": 10,
  "best_auc": 0.964084,
  "best_f1": 0.467742,
  "final_metrics": {
    "round": 60,
    "auc": 0.963399,
    "f1": 0.474114,
    "precision": 0.32342,
    "recall": 0.887755,
    "ks_stat": 0.890063,
    "recall_1fpr": 0.897959,
    "prec_at_k": 0.306338,
    "sigma_auc": 0.010283,
    "jfi": 0.999891,
    "loss": 0.022451,
    "timestamp": "2026-03-30 12:24:14"
  },
  "bank_aucs_final": [
    0.974517,
    0.976772,
    null,
    0.989717,
    0.999945
  ]
}