{
  "combination": "FedProx_MLP_DP",
  "best_round": 1,
  "best_auc": 0.979911,
  "best_f1": 0.619835,
  "final_metrics": {
    "round": 60,
    "auc": 0.976755,
    "f1": 0.604167,
    "precision": 0.457895,
    "recall": 0.887755,
    "ks_stat": 0.904259,
    "recall_1fpr": 0.908163,
    "prec_at_k": 0.306338,
    "sigma_auc": 0.00051,
    "jfi": 1.0,
    "loss": 0.007501,
    "timestamp": "2026-03-30 14:02:14"
  },
  "bank_aucs_final": [
    0.999624,
    0.998601,
    null,
    0.99976,
    0.99989
  ]
}