{
  "combination": "FedNova_MLP_Sparsification",
  "best_round": 60,
  "best_auc": 0.960353,
  "best_f1": 0.008649,
  "final_metrics": {
    "round": 60,
    "auc": 0.960353,
    "f1": 0.008649,
    "precision": 0.004344,
    "recall": 0.969388,
    "ks_stat": 0.857833,
    "recall_1fpr": 0.77551,
    "prec_at_k": 0.214789,
    "sigma_auc": 0.014974,
    "jfi": 0.999765,
    "loss": 0.690666,
    "timestamp": "2026-03-30 14:59:39"
  },
  "bank_aucs_final": [
    0.963755,
    0.962378,
    null,
    0.981233,
    0.999143
  ]
}